{
  "project_info": {
    "project_number": "1046391219452",
    "project_id": "chungchunon-android-dd695",
    "storage_bucket": "chungchunon-android-dd695.appspot.com"
  },
  "client": [
    {
      "client_info": {
        "mobilesdk_app_id": "1:1046391219452:android:bdf78942dc43a4fa0de379",
        "android_client_info": {
          "package_name": "com.chugnchunon.chungchunon_android"
        }
      },
      "oauth_client": [
        {
          "client_id": "1046391219452-2qtgtrhdis67eql78r5cipb71muevvbm.apps.googleusercontent.com",
          "client_type": 3
        }
      ],
      "api_key": [
        {
          "current_key": "AIzaSyBfzOJ_O-XrreKdkYh9MF66Cck7urPZ4hA"
        }
      ],
      "services": {
        "appinvite_service": {
          "other_platform_oauth_client": [
            {
              "client_id": "1046391219452-2qtgtrhdis67eql78r5cipb71muevvbm.apps.googleusercontent.com",
              "client_type": 3
            }
          ]
        }
      }
    }
  ],
  "configuration_version": "1"
}